timestamp,cpu_pct,ram_pct,disk_pct,bandwidth_kbps,packet_rate_pps,temperature_c,fan_rpm,process_count,task_priority,protocol,attack_type,severity,threat_type,cpu_delta,ram_delta,cpu_rolling_mean,ram_rolling_mean,cpu_rolling_std,ram_rolling_std,bw_rolling_mean,bw_spike,ram_available_mb,disk_free_gb,pred_cpu,pred_ram,pred_disk,anomaly_label,anomaly_score,is_anomaly,anomaly_source,workload,wl_conf
2026-04-25 04:02:00,2.2,59.1,35.5,1.82,2.92,,,329,Low,,,,,-1.0999999999999996,0.10000000000000142,3.1,58.92857142857143,2.172202002222984,0.06112498455021353,11.799285714285714,0.1542466250983716,6585.6,305.97,4.6,58.31,34.21,Normal,0.5862,False,supervised_rf,Low,0.988
2026-04-25 04:02:02,3.7,59.0,35.5,15.26,5.3,,,330,Low,,,,,1.5,-0.10000000000000142,3.04,58.940000000000005,2.1060457192161266,0.07367883976130177,11.133999999999999,1.3705766121789116,6592.52,305.97,4.81,58.15,34.51,Normal,0.5862,False,supervised_rf,Low,0.948
2026-04-25 04:02:04,2.2,59.0,35.5,3.87,5.8,,,330,Low,,,,,-1.5,0.0,2.6333333333333333,58.93333333333333,1.0125404165948613,0.06172133998483764,12.151333333333334,0.31848356833269326,6592.14,305.97,4.57,58.29,34.45,Normal,0.5862,False,supervised_rf,Low,0.996
2026-04-25 04:02:06,2.2,59.0,35.5,6.09,2.9,,,329,Low,,,,,0.0,0.0,2.46,58.93333333333333,0.8192330908495195,0.06172133998483764,6.226,0.9781561194988757,6603.8,305.97,4.12,57.98,34.53,Normal,0.5862,False,supervised_rf,Low,0.98
2026-04-25 04:02:08,3.8,59.0,35.5,1.82,2.41,,,329,Low,,,,,1.5999999999999996,0.0,2.46,58.940000000000005,0.8192330908495195,0.06324555320336848,5.630666666666667,0.32322993132843947,6594.39,305.97,4.73,57.72,34.71,Normal,0.5349,False,supervised_rf,Low,0.992
2026-04-25 04:02:10,3.7,59.0,35.5,1.66,3.85,,,329,Low,,,,,-0.09999999999999964,0.0,2.566666666666667,58.94666666666667,0.8845230083954585,0.06399404734221935,5.676666666666667,0.2924251321197886,6596.09,305.97,4.34,57.7,34.71,Normal,0.5862,False,supervised_rf,Low,0.996
2026-04-25 04:02:12,4.3,59.0,35.5,0.0,0.0,,,329,Low,,,,,0.5999999999999996,0.0,2.606666666666667,58.95333333333333,0.9230900487467287,0.06399404734221935,5.787333333333334,0.0,6593.8,305.97,4.49,57.97,34.56,Normal,0.5349,False,supervised_rf,Low,0.964
2026-04-25 04:02:14,5.8,59.1,35.5,58.77,5.78,,,329,Low,,,,,1.5,0.10000000000000142,2.7,58.96,1.0205040771249134,0.06324555320336848,5.745333333333334,10.22917150150847,6581.87,305.97,5.37,57.97,34.53,Alert,0.6296,True,supervised_rf,Low,0.904
2026-04-25 04:02:17,5.5,59.1,35.5,25.25,6.75,,,329,Low,,,,,-0.2999999999999998,0.0,2.82,58.973333333333336,1.2616315966692835,0.07037315505490067,9.483333333333333,2.662565905096661,6584.66,305.97,5.58,58.28,34.53,Normal,0.5862,False,supervised_rf,Low,0.932
2026-04-25 04:02:19,4.0,59.0,35.5,26.75,9.67,,,329,Low,,,,,-1.5,-0.10000000000000142,3.0266666666666664,58.986666666666665,1.430517721798983,0.07432233529572171,8.067333333333334,3.3158416659780183,6590.81,305.97,4.31,58.19,34.35,Normal,0.5962,False,supervised_rf,Low,0.928
2026-04-25 04:02:21,3.9,59.0,35.5,27.23,10.63,,,329,Low,,,,,-0.10000000000000009,0.0,3.2133333333333334,58.99333333333333,1.3558690764159171,0.07037315505490067,9.850666666666665,2.764279913373038,6600.25,305.97,4.92,58.3,34.54,Normal,0.5962,False,supervised_rf,Low,0.932
2026-04-25 04:02:23,5.2,59.0,35.5,6.97,2.9,,,329,Low,,,,,1.3000000000000003,0.0,3.3400000000000003,59.0,1.3227676612747552,0.06546536707079864,11.580000000000002,0.6018998272884282,6603.5,305.97,5.56,58.13,34.71,Normal,0.5862,False,supervised_rf,Low,0.968
2026-04-25 04:02:25,3.7,59.1,35.5,338.45,55.35,,,329,Low,,,,,-1.5,0.10000000000000142,3.6,59.00666666666667,1.2755950992156002,0.05936168397046721,11.954666666666666,28.311119785857684,6580.66,305.97,4.64,57.73,34.17,Alert,0.6742,True,supervised_rf,Low,0.996
2026-04-25 04:02:27,2.2,59.0,35.5,0.78,1.46,,,329,Low,,,,,-1.5,-0.10000000000000142,3.6733333333333333,59.019999999999996,1.2452576707921403,0.05606119105813961,34.32066666666666,0.022726831258134073,6593.14,305.97,4.34,58.65,34.26,Normal,0.5349,False,supervised_rf,Low,0.96
2026-04-25 04:02:29,4.2,59.0,35.5,14.81,4.87,,,329,Low,,,,,2.0,0.0,3.7133333333333334,59.026666666666664,1.1819274008806042,0.04577377082170699,34.346,0.43120013975426547,6590.91,305.97,4.99,58.06,34.71,Normal,0.5862,False,supervised_rf,Low,0.928
2026-04-25 04:02:31,3.2,59.0,35.5,16.39,6.82,,,329,Low,,,,,-1.0,0.0,3.7733333333333334,59.026666666666664,1.182289949128184,0.04577377082170699,35.302,0.4642796442127925,6600.25,305.97,4.51,58.1,34.64,Normal,0.5862,False,supervised_rf,Low,0.972
2026-04-25 04:02:33,4.3,59.0,35.5,13.9,3.4,,,329,Low,,,,,1.0999999999999996,0.0,3.8400000000000003,59.019999999999996,1.1134245756737569,0.041403933560541846,36.27333333333333,0.3832016173497519,6595.47,305.97,5.14,58.09,34.71,Normal,0.5862,False,supervised_rf,Low,0.944
2026-04-25 04:02:35,5.5,59.0,35.5,15.51,4.38,,,329,Low,,,,,1.2000000000000002,0.0,3.8800000000000003,59.019999999999996,1.1188003779559093,0.041403933560541846,36.18266666666667,0.42865828942034856,6590.93,305.97,5.2,58.15,34.71,Normal,0.5862,False,supervised_rf,Low,0.932
2026-04-25 04:02:37,3.3,59.1,35.5,13.18,2.89,,,329,Low,,,,,-2.2,0.10000000000000142,4.1,59.019999999999996,1.0889050857234002,0.041403933560541846,36.958666666666666,0.3566145964861647,6582.41,305.97,4.81,58.08,34.37,Normal,0.5862,False,supervised_rf,Low,0.964
